Evaluation,Time,Iteration
3.1789428244562006E9,0.0,2
3.174506634595893E9,0.0,3
