Evaluation,Time,Iteration
2.9812672206409793E9,1.0,1
2.979925648027008E9,3.0,14
2.975970370745558E9,3.0,22
