Evaluation,Time,Iteration
2.444807788840132E9,0.0,0
2.444368199209026E9,0.0,1
