Evaluation,Time,Iteration
2.9916918468875217E9,0.0,1
2.984616075035287E9,0.0,4
2.9832284451985884E9,0.0,5
2.978604853887935E9,0.0,7
2.976983575080422E9,0.0,8
2.9594881874741197E9,0.0,25
2.9583726058369865E9,0.0,26
2.957032256921828E9,0.0,30
2.9535694606762676E9,0.0,31
2.9499828658218307E9,0.0,32
