Evaluation,Time,Iteration
4.2247066496573057E9,0.0,0
4.2232080179264345E9,0.0,1
4.2171953827736793E9,0.0,12
4.213751023774696E9,0.0,14
