Evaluation,Time,Iteration
3.777036747967189E9,0.0,1
3.7737952551362686E9,0.0,7
3.768728439396556E9,0.0,8
3.7668795011613035E9,0.0,10
3.764100619728801E9,0.0,11
