Evaluation,Time,Iteration
4.690907891033037E9,0.0,6
4.684769745490684E9,0.0,19
4.684360335781989E9,0.0,23
4.681553005434407E9,0.0,38
4.671590331193124E9,0.0,39
4.6621887991033125E9,0.0,40
4.657286221771001E9,0.0,62
4.657117462558481E9,0.0,63
4.65646577621272E9,0.0,71
