Evaluation,Time,Iteration
2.9426707467566986E9,1.0,0
2.935849445304873E9,2.0,7
2.9340765346784325E9,3.0,17
2.933977976296105E9,3.0,18
2.928557344982434E9,5.0,31
2.927526032109583E9,5.0,32
2.927427218553738E9,5.0,33
2.9258639912641716E9,5.0,34
2.9241863752414656E9,5.0,37
2.9215504295778875E9,6.0,47
2.9203064897415347E9,6.0,49
