Evaluation,Time,Iteration
3.5751115711953287E9,0.0,2
3.571453501507475E9,0.0,3
3.571249932176366E9,0.0,7
3.567311901121921E9,0.0,8
3.5637237351452713E9,0.0,9
3.559422128168579E9,0.0,10
