Evaluation,Time,Iteration
4.08273734158842E9,0.0,38
4.0803403777746396E9,0.0,41
4.074825670095568E9,0.0,42
4.0682216673818173E9,0.0,43
4.066827793367392E9,0.0,45
4.062392687922851E9,0.0,46
4.060596954569546E9,0.0,47
4.059428385982102E9,0.0,49
