Evaluation,Time,Iteration
4.808801038660557E9,0.0,0
4.806791893694266E9,0.0,5
4.78708137283575E9,0.0,12
4.783911569352628E9,0.0,19
4.774047104605624E9,0.0,20
4.772974433949016E9,0.0,34
4.759422103428045E9,0.0,43
