Evaluation,Time,Iteration
2.510538141738794E9,0.0,1
2.504518345220867E9,0.0,13
2.5026161248357925E9,0.0,15
2.500031965709211E9,0.0,17
2.499326013934534E9,0.0,18
2.4981754149260116E9,0.0,20
2.4969758492863164E9,0.0,21
2.4951338127536483E9,0.0,22
2.4917363729631095E9,0.0,34
2.488453075359561E9,0.0,35
2.4789858160390196E9,0.0,36
2.478594193934549E9,0.0,37
