Evaluation,Time,Iteration
3.446834939174608E9,1.0,0
3.44465192641024E9,2.0,3
