Evaluation,Time,Iteration
5.074509223158001E9,0.0,1
5.073846808732252E9,0.0,6
5.073744632875083E9,0.0,8
5.066446477305591E9,16.0,10
5.053876541462998E9,16.0,19
5.04206471926442E9,16.0,20
5.041584895599806E9,16.0,25
5.040252834131322E9,16.0,26
