Evaluation,Time,Iteration
4.644850072212438E9,16.0,0
4.641889120931233E9,16.0,1
4.64077770721032E9,16.0,2
4.63468775033054E9,16.0,3
4.63163565547971E9,16.0,8
4.630030260624435E9,16.0,13
