Evaluation,Time,Iteration
2.347323986760237E9,2.0,5
2.34723294299563E9,2.0,6
2.3446908365083995E9,2.0,7
2.341307758396583E9,2.0,9
2.338381209938381E9,5.0,40
2.336171683384559E9,5.0,41
2.3355246797144003E9,5.0,42
