Evaluation,Time,Iteration
2.5778135602004433E9,0.0,1
2.574595708569439E9,0.0,3
