Evaluation,Time,Iteration
1.5567762370975852E9,0.0,0
1.5503883342986948E9,0.0,3
