Evaluation,Time,Iteration
4.705320401210524E9,0.0,3
4.701164043619582E9,0.0,6
4.693122042542207E9,0.0,16
