Evaluation,Time,Iteration
2.249207330991116E9,1.0,0
2.244383388804375E9,2.0,1
2.241555257125556E9,2.0,2
2.2409426477053843E9,2.0,4
2.240705235113483E9,2.0,5
