Evaluation,Time,Iteration
3.7592658526240993E9,2.0,4
3.757325450029839E9,2.0,6
3.7532301282578464E9,2.0,7
3.7519210812541404E9,3.0,8
3.7503007980744853E9,3.0,9
