Evaluation,Time,Iteration
4.064453422207891E9,0.0,0
4.060947585902949E9,0.0,2
4.0526241309411993E9,0.0,12
4.0441310844477143E9,0.0,13
4.034292999881488E9,0.0,14
4.0311745825880823E9,0.0,18
