Evaluation,Time,Iteration
2.992100903497528E9,0.0,5
2.9920520862722344E9,0.0,6
2.987903243732859E9,0.0,7
