Evaluation,Time,Iteration
4.091124149020094E9,0.0,3
4.073007222219058E9,0.0,5
4.069377417024987E9,0.0,7
