Evaluation,Time,Iteration
3.9998277567633233E9,1.0,0
3.986295118116634E9,2.0,6
3.970220938179403E9,2.0,7
3.9695036245297046E9,2.0,8
