Evaluation,Time,Iteration
4.137026159935759E9,0.0,0
4.134934890433595E9,0.0,1
4.130255991140614E9,0.0,2
4.110823845719098E9,0.0,3
4.1105110295209265E9,0.0,4
4.1044035432879567E9,15.0,37
