Evaluation,Time,Iteration
2.8753360273795323E9,1.0,0
2.862967731244594E9,2.0,8
2.85729275768113E9,2.0,9
