Evaluation,Time,Iteration
3.579617230343539E9,2.0,3
3.578038325505768E9,2.0,4
3.5721290510784273E9,3.0,6
3.5712413384275618E9,3.0,7
3.5691444407182236E9,3.0,8
3.5546606973147707E9,3.0,9
