Evaluation,Time,Iteration
3.289849702425434E9,0.0,1
3.284153085484479E9,0.0,3
3.277272377734086E9,0.0,7
3.2590408069391065E9,0.0,8
3.25790419644808E9,0.0,13
3.2553143695310807E9,0.0,16
3.2544707986616087E9,0.0,18
3.2466197036759596E9,0.0,20
3.2452996419546213E9,0.0,21
3.2436826877066383E9,0.0,22
