Evaluation,Time,Iteration
2.7517216155317755E9,0.0,0
2.750785486882669E9,0.0,7
2.7496237948959346E9,0.0,9
