Evaluation,Time,Iteration
2.8119447014382896E9,0.0,3
2.8099970237260733E9,0.0,4
2.805921956096637E9,0.0,5
2.80410303718632E9,0.0,8
2.80370563192615E9,0.0,10
2.8021531489866376E9,0.0,11
