Evaluation,Time,Iteration
2.351188921982142E9,2.0,15
2.349140458458361E9,3.0,16
2.348820184117763E9,3.0,17
