Evaluation,Time,Iteration
3.8344957433892326E9,0.0,1
3.833597568862185E9,0.0,2
3.8261538569901414E9,0.0,5
3.8234660867392263E9,0.0,6
