Evaluation,Time,Iteration
4.685756680668166E9,0.0,0
4.678989422377617E9,0.0,1
4.674417926798314E9,0.0,2
4.65777467411733E9,0.0,3
4.654285182705396E9,0.0,9
4.653386024923483E9,0.0,11
4.65024166380488E9,0.0,17
4.647864011208748E9,0.0,18
4.640634478594911E9,0.0,19
4.637991042342208E9,0.0,22
4.628907799457333E9,0.0,24
