Evaluation,Time,Iteration
4.280915322018069E9,0.0,0
4.280686054546262E9,0.0,7
