Evaluation,Time,Iteration
3.8610735852130027E9,0.0,2
3.8576554645395684E9,0.0,10
