Evaluation,Time,Iteration
2.9388311530005994E9,0.0,2
2.9386267939941864E9,0.0,4
