Evaluation,Time,Iteration
4.50028618199149E9,0.0,0
4.499551527809292E9,0.0,1
4.493132218745186E9,0.0,9
4.485422697408839E9,0.0,11
4.477515687357763E9,0.0,12
