Evaluation,Time,Iteration
3.470059360534424E9,16.0,2
3.4662709551675253E9,16.0,3
3.465364438599359E9,16.0,15
3.4499008053821273E9,16.0,16
3.439864555744967E9,16.0,25
