Evaluation,Time,Iteration
3.1174881380040135E9,1.0,0
3.1163565356497283E9,3.0,15
3.112311921650478E9,3.0,16
3.102881615396144E9,3.0,17
3.100390271637843E9,4.0,30
3.0995753045677342E9,4.0,32
3.093723338153321E9,4.0,33
3.0922636401305237E9,4.0,34
