Evaluation,Time,Iteration
3.9868163381261754E9,0.0,3
3.9835598164697413E9,0.0,4
3.9761775207249136E9,0.0,30
3.9698848964322505E9,0.0,31
3.962930191447561E9,0.0,33
3.9592855196488605E9,0.0,34
3.950062370767501E9,0.0,38
3.9451620399921436E9,0.0,39
3.927319827994063E9,0.0,40
3.925415058797465E9,0.0,43
