Evaluation,Time,Iteration
4.082658134060289E9,0.0,2
4.0729684988795023E9,0.0,3
