Evaluation,Time,Iteration
3.9650219286935368E9,0.0,2
3.941976418708606E9,0.0,8
