Evaluation,Time,Iteration
3.7729381796093745E9,0.0,0
3.7687552109656887E9,0.0,1
3.76511090021942E9,0.0,3
3.761551868758108E9,0.0,24
