Evaluation,Time,Iteration
4.387251973233603E9,0.0,0
4.380131431423854E9,0.0,2
