Evaluation,Time,Iteration
4.117228008851235E9,1.0,0
4.1131933460064836E9,2.0,10
4.1080405798521338E9,2.0,11
