Evaluation,Time,Iteration
4.435520284989847E9,16.0,0
4.430866047809235E9,16.0,7
4.426400792549597E9,16.0,9
4.425083443209524E9,16.0,10
4.424480474683633E9,16.0,31
4.422613206737581E9,16.0,32
4.418645204423746E9,16.0,33
4.412570501479637E9,16.0,34
4.404403968576572E9,16.0,37
4.399584759398942E9,16.0,38
4.399505138083645E9,16.0,39
