Evaluation,Time,Iteration
4.235972666231903E9,0.0,3
4.2344068313130703E9,0.0,4
4.2329184848060627E9,0.0,7
4.2221831776944613E9,0.0,8
4.2204971437163634E9,0.0,9
