Evaluation,Time,Iteration
3.531651762228321E9,0.0,2
3.5305017222006354E9,0.0,3
3.528662587333061E9,0.0,22
3.5209497757010307E9,0.0,23
3.5201809415110364E9,0.0,24
