Evaluation,Time,Iteration
2.255685746771974E9,0.0,0
2.255154968276213E9,0.0,1
2.2550970963428006E9,0.0,2
2.2519433737328897E9,0.0,3
2.249782055968713E9,0.0,5
