Evaluation,Time,Iteration
2.381838319232739E9,1.0,1
2.380752430549288E9,1.0,4
2.3750607548965964E9,4.0,33
2.3726851207799654E9,4.0,34
2.3708851503208466E9,4.0,37
2.3699324285531883E9,4.0,38
2.3671038443933005E9,5.0,51
2.365977354636178E9,5.0,52
2.362486605999021E9,5.0,53
2.3617693649108195E9,5.0,54
2.361308792850494E9,5.0,55
