Evaluation,Time,Iteration
3.5799979012363415E9,0.0,1
3.57930104281874E9,0.0,4
3.572130339966212E9,0.0,5
3.56380966693794E9,0.0,7
