Evaluation,Time,Iteration
4.644142785809222E9,0.0,1
4.639796466776346E9,0.0,2
