Evaluation,Time,Iteration
2.2707015240785193E9,0.0,0
2.270044662976407E9,0.0,1
2.266374893477123E9,0.0,6
2.2604210038328996E9,0.0,7
2.2586032289098353E9,0.0,9
