Evaluation,Time,Iteration
4.756157371806702E9,15.0,0
4.746569036499281E9,15.0,2
4.744320192191301E9,15.0,8
4.741542266948243E9,15.0,10
4.728253036546666E9,15.0,15
4.720270102968385E9,15.0,19
4.711648427440623E9,15.0,21
4.711241980440684E9,15.0,23
4.704171347332316E9,15.0,24
4.691591270684666E9,15.0,25
