Evaluation,Time,Iteration
4.31515634728884E9,0.0,3
4.314094327896859E9,0.0,6
4.3130127882442E9,0.0,7
