Evaluation,Time,Iteration
2.271454422177927E9,1.0,0
2.2659369105821366E9,2.0,4
2.260226125893072E9,2.0,5
2.2556612061500487E9,2.0,6
2.255504723522597E9,2.0,7
2.2552072196407795E9,2.0,11
