Evaluation,Time,Iteration
4.7033475329794235E9,0.0,4
4.695582317820062E9,0.0,8
4.695474498678767E9,0.0,9
4.692560838183348E9,0.0,17
4.682693486283167E9,16.0,31
4.676889964934672E9,16.0,32
4.663924351233625E9,16.0,33
4.65798591256014E9,16.0,44
