Evaluation,Time,Iteration
2.679452863344994E9,1.0,0
2.6776742237793508E9,1.0,1
