Evaluation,Time,Iteration
3.204685936307912E9,1.0,2
3.202859044258545E9,2.0,6
3.199550423456806E9,2.0,8
3.19897591166719E9,2.0,9
3.1964705644898744E9,2.0,10
3.1964395145385594E9,2.0,11
3.193900999629754E9,3.0,19
3.1897440097576504E9,3.0,20
3.176708359766243E9,3.0,21
3.176086572899685E9,3.0,22
