Evaluation,Time,Iteration
4.313708529912875E9,0.0,0
4.313235974380158E9,0.0,1
4.306788990993562E9,0.0,2
4.306237586279379E9,0.0,5
4.301609143726515E9,0.0,11
