Evaluation,Time,Iteration
3.3352600058554864E9,0.0,1
3.3307940300652843E9,0.0,2
3.326417244954001E9,0.0,3
3.3237108971350474E9,0.0,4
3.323322543196959E9,0.0,5
