Evaluation,Time,Iteration
3.9747543702518597E9,0.0,3
3.9719532963039303E9,0.0,4
3.970705466771261E9,0.0,7
3.966108963461959E9,0.0,9
3.9649603638489122E9,0.0,15
