Evaluation,Time,Iteration
3.510976069586654E9,0.0,0
3.5077734914740896E9,0.0,4
3.504310919179035E9,0.0,10
3.4985212063113294E9,0.0,11
