Evaluation,Time,Iteration
3.995671416841508E9,0.0,3
3.9895900459985085E9,0.0,4
3.9849603354787188E9,0.0,7
3.9827300779468565E9,0.0,8
3.9762636567020245E9,0.0,9
3.9666208086776853E9,0.0,23
3.9590548652180753E9,0.0,27
3.9564525683527527E9,0.0,28
