Evaluation,Time,Iteration
4.222362844042924E9,0.0,25
4.21936395620974E9,0.0,26
