Evaluation,Time,Iteration
4.689473226718788E9,0.0,1
4.668073996747078E9,0.0,12
4.667426276449687E9,0.0,13
4.664430385459212E9,0.0,18
4.660023268464786E9,0.0,19
4.655386726771291E9,0.0,24
4.653723561262654E9,0.0,26
4.647683650015584E9,0.0,32
4.636957946343983E9,0.0,34
