Evaluation,Time,Iteration
2.333285363913421E9,16.0,0
2.329215345924524E9,16.0,7
