Evaluation,Time,Iteration
4.692600532765148E9,0.0,0
4.689258186375794E9,0.0,5
4.681112695920641E9,0.0,6
4.677923997564572E9,0.0,10
4.674440209114845E9,0.0,11
4.665470821151049E9,0.0,16
4.661874907251889E9,0.0,17
