Evaluation,Time,Iteration
3.1598567654312897E9,3.0,9
3.1579935975881033E9,3.0,10
3.1535061539608765E9,3.0,12
3.146498847743549E9,3.0,14
3.145840765727899E9,3.0,15
