Evaluation,Time,Iteration
2.3301360764833775E9,2.0,2
2.329142374217167E9,2.0,4
2.327581716107206E9,2.0,5
2.326130143445603E9,3.0,21
