Evaluation,Time,Iteration
4.108105907224128E9,0.0,0
4.1041793206890297E9,0.0,1
4.1015715873194766E9,0.0,2
4.0994469531053195E9,0.0,4
4.09503110936579E9,0.0,5
4.093164537415631E9,0.0,8
4.08378215679147E9,0.0,9
