Evaluation,Time,Iteration
5.071726793073328E9,0.0,5
5.069596840287205E9,0.0,12
5.066132001429418E9,0.0,22
