Evaluation,Time,Iteration
3.309073587395839E9,1.0,0
3.3019801162911325E9,1.0,1
3.2969725097182517E9,1.0,2
3.296590124150621E9,2.0,5
3.292742559314876E9,2.0,8
