Evaluation,Time,Iteration
4.574256023008925E9,0.0,1
4.572978157716081E9,0.0,2
