Evaluation,Time,Iteration
4.1577983818791485E9,0.0,0
4.1532370310699253E9,0.0,1
