Evaluation,Time,Iteration
4.114902305491502E9,0.0,0
4.1107152222585483E9,16.0,14
