Evaluation,Time,Iteration
4.387082320907913E9,15.0,1
4.386710146178684E9,15.0,2
