Evaluation,Time,Iteration
3.3812051289238358E9,0.0,0
3.3811258272857976E9,0.0,1
3.3782806931629105E9,0.0,3
3.3770087019771166E9,0.0,4
3.3763110336819153E9,0.0,9
3.36718554287214E9,0.0,10
3.3660577498190317E9,16.0,12
3.3636577259214387E9,16.0,16
3.363631234861323E9,16.0,19
