Evaluation,Time,Iteration
2.7438941602827654E9,1.0,0
2.743609062704744E9,1.0,1
2.7317433479325185E9,1.0,2
