Evaluation,Time,Iteration
4.516992220312692E9,0.0,1
4.510134579342159E9,0.0,22
4.509750244793897E9,0.0,24
4.505597851736533E9,0.0,25
4.490629051112649E9,0.0,26
4.48431637360273E9,0.0,27
4.469331312947575E9,0.0,30
4.45917951654963E9,0.0,41
4.452257995543769E9,0.0,43
4.44440559068893E9,0.0,45
4.42322189260249E9,0.0,46
4.423047961323651E9,0.0,48
4.419264868948115E9,0.0,53
4.418642054551582E9,0.0,55
4.418226844179737E9,0.0,66
