Evaluation,Time,Iteration
3.2959713562715497E9,2.0,0
3.2955319687938485E9,2.0,3
3.292857557741877E9,2.0,4
3.289141283933884E9,3.0,5
3.286215173732189E9,3.0,8
3.285115612097823E9,3.0,9
3.2799541198850255E9,3.0,10
