Evaluation,Time,Iteration
2.2491252991451907E9,1.0,0
2.2481093193883185E9,1.0,2
