Evaluation,Time,Iteration
3.7387276879790273E9,0.0,4
3.7335415676692195E9,0.0,6
3.7332793989422593E9,16.0,7
