Evaluation,Time,Iteration
3.37313413115598E9,0.0,1
3.3730817031520967E9,0.0,2
3.3632685432293253E9,15.0,20
3.3581580433732395E9,15.0,21
3.356411622614276E9,15.0,24
3.354552439833845E9,15.0,25
3.352171079620933E9,15.0,26
