Evaluation,Time,Iteration
4.688739329427786E9,0.0,0
4.688234563790226E9,0.0,1
4.682165826502055E9,0.0,2
4.673213472582471E9,0.0,15
4.6716005007774725E9,0.0,16
4.666993971964612E9,0.0,17
4.66381998271947E9,0.0,18
4.6637124451165E9,0.0,19
