Evaluation,Time,Iteration
4.69830393052345E9,0.0,0
4.697030919453833E9,0.0,2
4.695975856942881E9,0.0,3
4.6940227729359E9,0.0,4
4.67514636092162E9,0.0,6
4.67443518427347E9,0.0,7
