Evaluation,Time,Iteration
4.447393707815312E9,0.0,2
4.442191497666532E9,0.0,6
4.440315728087387E9,0.0,7
