Evaluation,Time,Iteration
2.346327739230184E9,0.0,0
2.3455753282851653E9,0.0,2
2.3439441299105244E9,0.0,3
