Evaluation,Time,Iteration
4.530522824497211E9,0.0,1
4.527006649556097E9,0.0,2
