Evaluation,Time,Iteration
4.229669105657526E9,0.0,0
4.221522952324321E9,0.0,1
4.2210370469423404E9,0.0,9
