Evaluation,Time,Iteration
4.644188866338735E9,16.0,0
4.644180975974908E9,16.0,2
4.642382132713882E9,16.0,4
4.641592240113838E9,16.0,5
4.640757232868295E9,16.0,9
4.63945430640921E9,16.0,10
4.638603978252522E9,16.0,42
4.633185548274738E9,16.0,43
4.625311101097578E9,16.0,44
4.624701196637474E9,16.0,56
