Evaluation,Time,Iteration
4.345699703984457E9,0.0,0
4.343637558029E9,0.0,22
4.34242584240942E9,0.0,23
4.331264998301545E9,0.0,24
