Evaluation,Time,Iteration
3.894732497806608E9,0.0,1
3.8929587480273666E9,0.0,6
3.892815663741705E9,0.0,7
3.886520779066712E9,0.0,8
3.8801789530965085E9,0.0,9
3.8753222293558555E9,0.0,10
3.8725129625491233E9,0.0,12
3.8700607795624638E9,0.0,13
3.860666447315002E9,0.0,20
