Evaluation,Time,Iteration
4.0094738963401656E9,0.0,2
4.0050973538690677E9,0.0,6
4.0029849786561875E9,0.0,8
