Evaluation,Time,Iteration
2.5132315499461417E9,0.0,1
2.5125330276172605E9,0.0,2
2.5122638705367093E9,0.0,20
2.5103808047311974E9,0.0,24
2.5089250949520445E9,0.0,27
2.500707109791413E9,0.0,28
2.4972278105108685E9,0.0,32
2.482729340002707E9,0.0,33
2.4763035001914935E9,0.0,38
2.47534085317121E9,0.0,39
2.474841217183424E9,0.0,41
2.468365132376786E9,0.0,42
2.4681269327999067E9,0.0,43
