Evaluation,Time,Iteration
4.2375574153608174E9,0.0,0
4.23130049402354E9,0.0,2
4.230706282306351E9,0.0,7
4.229714551750981E9,15.0,20
4.2270942542366304E9,15.0,22
4.2263270145080543E9,15.0,24
4.220970075418643E9,15.0,26
