Evaluation,Time,Iteration
3.921512372711753E9,0.0,0
3.919168790917101E9,0.0,1
