Evaluation,Time,Iteration
2.390410610035498E9,16.0,1
2.388851833631111E9,16.0,2
2.388219607316338E9,16.0,3
2.3850086319308286E9,16.0,4
2.379332909443808E9,16.0,5
