Evaluation,Time,Iteration
2.8714867512747273E9,15.0,0
2.8669080785340242E9,15.0,2
2.861584465550245E9,15.0,9
2.8605796386002135E9,15.0,10
2.8583095673500752E9,15.0,12
2.8475566709716535E9,15.0,13
2.844260721975597E9,15.0,14
2.8429102785297422E9,15.0,15
