Evaluation,Time,Iteration
4.731076016542521E9,0.0,4
4.725181849477139E9,0.0,6
